size,instance,strategy,distance_km,improvement_pct,optimality_gap_pct,runtime_ms
8,0,fifo,39.3224,0.0,86.387,0.0014
8,0,nearest,21.0972,46.348,0.0,0.0295
8,0,two_opt,21.0972,46.348,0.0,0.1508
8,0,or_opt,21.0972,46.348,0.0,0.6704
8,0,christofides,22.317,43.246,5.782,159.6212
8,0,annealing,21.0972,46.348,0.0,0.4101
8,1,fifo,48.4551,0.0,122.926,0.0044
8,1,nearest,23.5704,51.356,8.439,0.0275
8,1,two_opt,21.736,55.142,0.0,0.2598
8,1,or_opt,21.736,55.142,0.0,0.7709
8,1,christofides,23.6939,51.101,9.008,0.8593
8,1,annealing,21.736,55.142,0.0,0.5135
8,2,fifo,25.2178,0.0,15.81,0.0047
8,2,nearest,21.8059,13.53,0.141,0.0288
8,2,two_opt,21.8059,13.53,0.141,0.1464
8,2,or_opt,21.7752,13.651,0.0,0.7013
8,2,christofides,23.5527,6.603,8.163,0.8313
8,2,annealing,21.8059,13.53,0.141,0.3991
8,3,fifo,36.7518,0.0,78.677,0.0031
8,3,nearest,23.2097,36.847,12.839,0.0267
8,3,two_opt,20.5688,44.033,0.0,0.3778
8,3,or_opt,20.5688,44.033,0.0,0.8877
8,3,christofides,21.1109,42.558,2.635,0.7606
8,3,annealing,20.5688,44.033,0.0,0.6306
8,4,fifo,41.5859,0.0,79.758,0.004
8,4,nearest,23.1344,44.37,0.0,0.0276
8,4,two_opt,23.1344,44.37,0.0,0.1472
8,4,or_opt,23.1344,44.37,0.0,0.6711
8,4,christofides,23.1344,44.37,0.0,0.7975
8,4,annealing,23.1344,44.37,0.0,0.3984
8,5,fifo,49.6319,0.0,107.469,0.0041
8,5,nearest,24.4437,50.75,2.179,0.0275
8,5,two_opt,23.9225,51.8,0.0,0.2549
8,5,or_opt,23.9225,51.8,0.0,0.7484
8,5,christofides,25.5411,48.539,6.766,0.7547
8,5,annealing,23.9225,51.8,0.0,0.5023
8,6,fifo,44.0298,0.0,83.649,0.0034
8,6,nearest,23.975,45.548,0.0,0.0276
8,6,two_opt,23.975,45.548,0.0,0.1411
8,6,or_opt,23.975,45.548,0.0,0.6453
8,6,christofides,25.5454,41.982,6.55,0.7065
8,6,annealing,23.975,45.548,0.0,0.3888
8,7,fifo,38.8726,0.0,57.178,0.0037
8,7,nearest,24.7315,36.378,0.0,0.027
8,7,two_opt,24.7315,36.378,0.0,0.1414
8,7,or_opt,24.7315,36.378,0.0,0.6417
8,7,christofides,28.2523,27.321,14.236,0.9159
8,7,annealing,24.7315,36.378,0.0,0.3927
8,8,fifo,51.4677,0.0,108.169,0.0039
8,8,nearest,24.7241,51.962,0.0,0.0265
8,8,two_opt,24.7241,51.962,0.0,0.1432
8,8,or_opt,24.7241,51.962,0.0,0.705
8,8,christofides,29.4802,42.721,19.237,0.81
8,8,annealing,24.7241,51.962,0.0,0.4008
8,9,fifo,37.6399,0.0,119.399,0.0033
8,9,nearest,19.5335,48.104,13.858,0.0269
8,9,two_opt,19.5335,48.104,13.858,0.1436
8,9,or_opt,17.156,54.421,0.0,1.1799
8,9,christofides,17.9561,52.295,4.664,0.8921
8,9,annealing,19.5335,48.104,13.858,0.395
8,10,fifo,48.9509,0.0,98.739,0.0044
8,10,nearest,27.8223,43.163,12.958,0.0284
8,10,two_opt,24.6307,49.683,0.0,0.2582
8,10,or_opt,24.6307,49.683,0.0,0.7663
8,10,christofides,24.6307,49.683,0.0,1.0285
8,10,annealing,24.6307,49.683,0.0,0.5567
8,11,fifo,37.0343,0.0,104.298,0.0037
8,11,nearest,18.5658,49.869,2.417,0.0256
8,11,two_opt,18.1276,51.052,0.0,0.3621
8,11,or_opt,18.1276,51.052,0.0,0.8596
8,11,christofides,19.4759,47.411,7.438,0.7681
8,11,annealing,18.1276,51.052,0.0,0.6246
8,12,fifo,34.5006,0.0,50.936,0.0029
8,12,nearest,24.2504,29.71,6.093,0.0251
8,12,two_opt,22.8578,33.747,0.0,0.2515
8,12,or_opt,22.8578,33.747,0.0,0.7522
8,12,christofides,24.7624,28.226,8.333,0.7722
8,12,annealing,22.8578,33.747,0.0,0.5045
8,13,fifo,40.3158,0.0,89.391,0.0036
8,13,nearest,25.0422,37.885,17.64,0.0285
8,13,two_opt,21.2871,47.199,0.0,0.3727
8,13,or_opt,21.2871,47.199,0.0,0.8895
8,13,christofides,25.8853,35.794,21.601,0.9722
8,13,annealing,21.2871,47.199,0.0,0.6383
8,14,fifo,43.5899,0.0,94.228,0.0035
8,14,nearest,22.4426,48.514,0.0,0.0256
8,14,two_opt,22.4426,48.514,0.0,0.1424
8,14,or_opt,22.4426,48.514,0.0,0.6467
8,14,christofides,26.3431,39.566,17.38,0.7097
8,14,annealing,22.4426,48.514,0.0,0.391
8,15,fifo,34.4125,0.0,61.542,0.0032
8,15,nearest,23.2825,32.343,9.295,0.0259
8,15,two_opt,22.1518,35.629,3.987,0.2541
8,15,or_opt,21.3024,38.097,0.0,0.9002
8,15,christofides,23.2843,32.337,9.304,0.9278
8,15,annealing,22.1518,35.629,3.987,0.5158
8,16,fifo,47.1926,0.0,88.581,0.0037
8,16,nearest,26.7848,43.244,7.032,0.026
8,16,two_opt,25.0251,46.972,0.0,0.265
8,16,or_opt,25.0251,46.972,0.0,0.7972
8,16,christofides,25.0251,46.972,0.0,0.7311
8,16,annealing,25.0251,46.972,0.0,0.508
8,17,fifo,38.8432,0.0,72.008,0.0036
8,17,nearest,22.8481,41.179,1.178,0.0266
8,17,two_opt,22.8481,41.179,1.178,0.1438
8,17,or_opt,22.8481,41.179,1.178,0.6571
8,17,christofides,27.5051,29.189,21.8,0.7629
8,17,annealing,22.8481,41.179,1.178,0.39
8,18,fifo,42.0963,0.0,106.576,0.0033
8,18,nearest,24.3913,42.058,19.693,0.0266
8,18,two_opt,20.3782,51.592,0.0,0.3798
8,18,or_opt,20.3782,51.592,0.0,0.8958
8,18,christofides,22.6002,46.313,10.904,0.9113
8,18,annealing,20.3782,51.592,0.0,0.6142
8,19,fifo,45.5203,0.0,82.35,0.0035
8,19,nearest,25.4378,44.118,1.901,0.0264
8,19,two_opt,24.9631,45.16,0.0,0.2581
8,19,or_opt,24.9631,45.16,0.0,0.7583
8,19,christofides,28.3394,37.743,13.525,0.7414
8,19,annealing,24.9631,45.16,0.0,0.5039
8,20,fifo,35.8377,0.0,67.174,0.0046
8,20,nearest,22.3498,37.636,4.256,0.0284
8,20,two_opt,21.7151,39.407,1.296,0.2554
8,20,or_opt,21.4373,40.182,0.0,1.1535
8,20,christofides,22.0893,38.363,3.042,0.9129
8,20,annealing,21.7151,39.407,1.296,0.5079
8,21,fifo,41.8373,0.0,81.021,0.003
8,21,nearest,25.1026,39.999,8.614,0.0278
8,21,two_opt,23.9002,42.873,3.411,0.2583
8,21,or_opt,23.1118,44.758,0.0,1.2568
8,21,christofides,24.7713,40.791,7.18,0.76
8,21,annealing,23.9002,42.873,3.411,0.5026
8,22,fifo,27.9985,0.0,68.2,0.0042
8,22,nearest,18.3068,34.615,9.978,0.0271
8,22,two_opt,16.646,40.547,0.0,0.2558
8,22,or_opt,16.646,40.547,0.0,0.7552
8,22,christofides,20.234,27.732,21.555,0.7061
8,22,annealing,16.646,40.547,0.0,0.5031
8,23,fifo,40.2941,0.0,97.289,0.0036
8,23,nearest,21.7604,45.996,6.544,0.0283
8,23,two_opt,20.4239,49.313,0.0,0.258
8,23,or_opt,20.4239,49.313,0.0,0.7559
8,23,christofides,23.1101,42.646,13.152,0.9006
8,23,annealing,20.4239,49.313,0.0,0.5005
8,24,fifo,31.3422,0.0,90.084,0.0031
8,24,nearest,16.4886,47.392,0.0,0.0262
8,24,two_opt,16.4886,47.392,0.0,0.1418
8,24,or_opt,16.4886,47.392,0.0,0.6454
8,24,christofides,16.4886,47.392,0.0,0.7369
8,24,annealing,16.4886,47.392,0.0,0.4008
8,25,fifo,42.9566,0.0,79.577,0.003
8,25,nearest,24.0379,44.041,0.488,0.0262
8,25,two_opt,23.921,44.313,0.0,0.2529
8,25,or_opt,23.921,44.313,0.0,0.7565
8,25,christofides,24.7869,42.298,3.62,0.8036
8,25,annealing,23.921,44.313,0.0,0.5061
8,26,fifo,39.696,0.0,88.109,0.0042
8,26,nearest,23.2503,41.429,10.177,0.0283
8,26,two_opt,21.6262,45.52,2.481,0.2556
8,26,or_opt,21.1027,46.839,0.0,0.947
8,26,christofides,24.1153,39.25,14.276,0.9092
8,26,annealing,21.6262,45.52,2.481,0.5129
8,27,fifo,32.8258,0.0,62.159,0.0034
8,27,nearest,22.6917,30.872,12.097,0.027
8,27,two_opt,20.2429,38.332,0.0,0.2558
8,27,or_opt,20.2429,38.332,0.0,0.7565
8,27,christofides,23.3348,28.913,15.274,0.8417
8,27,annealing,20.2429,38.332,0.0,0.5059
8,28,fifo,30.413,0.0,79.487,0.0038
8,28,nearest,19.9969,34.249,18.015,0.0253
8,28,two_opt,16.9444,44.286,0.0,0.3887
8,28,or_opt,16.9444,44.286,0.0,0.9339
8,28,christofides,16.9444,44.286,0.0,0.8441
8,28,annealing,16.9444,44.286,0.0,0.6192
8,29,fifo,35.4455,0.0,76.122,0.0034
8,29,nearest,20.4925,42.186,1.824,0.0253
8,29,two_opt,20.4925,42.186,1.824,0.1424
8,29,or_opt,20.4523,42.299,1.624,1.1362
8,29,christofides,20.8756,41.105,3.727,0.8211
8,29,annealing,20.4925,42.186,1.824,0.3948
8,30,fifo,35.8295,0.0,93.101,0.0041
8,30,nearest,20.3559,43.187,9.707,0.0275
8,30,two_opt,18.7656,47.625,1.136,0.2534
8,30,or_opt,18.7656,47.625,1.136,0.7511
8,30,christofides,19.9125,44.424,7.317,0.7848
8,30,annealing,18.7656,47.625,1.136,0.5063
8,31,fifo,19.1724,0.0,32.149,0.004
8,31,nearest,19.5977,-2.218,35.08,0.0275
8,31,two_opt,14.5082,24.328,0.0,0.4737
8,31,or_opt,14.5082,24.328,0.0,0.9686
8,31,christofides,14.6145,23.773,0.733,0.7465
8,31,annealing,14.5082,24.328,0.0,0.7251
8,32,fifo,40.5112,0.0,75.871,0.0034
8,32,nearest,23.4027,42.232,1.598,0.0255
8,32,two_opt,23.4027,42.232,1.598,0.1415
8,32,or_opt,23.0346,43.14,0.0,0.7421
8,32,christofides,23.9607,40.854,4.021,0.7352
8,32,annealing,23.4027,42.232,1.598,0.3946
8,33,fifo,52.0242,0.0,109.591,0.0039
8,33,nearest,26.2591,49.525,5.791,0.029
8,33,two_opt,26.037,49.952,4.896,0.2559
8,33,or_opt,24.8217,52.288,0.0,1.2423
8,33,christofides,25.3112,51.347,1.972,0.8367
8,33,annealing,26.037,49.952,4.896,0.5081
8,34,fifo,48.1198,0.0,139.231,0.0051
8,34,nearest,20.8363,56.699,3.589,0.0304
8,34,two_opt,20.1143,58.199,0.0,0.2586
8,34,or_opt,20.1143,58.199,0.0,0.8909
8,34,christofides,24.1083,49.899,19.856,0.9871
8,34,annealing,20.1143,58.199,0.0,0.6129
8,35,fifo,33.4451,0.0,96.988,0.0035
8,35,nearest,18.9573,43.318,11.657,0.0277
8,35,two_opt,16.9782,49.236,0.0,0.2608
8,35,or_opt,16.9782,49.236,0.0,0.7577
8,35,christofides,20.6989,38.111,21.914,0.8027
8,35,annealing,16.9782,49.236,0.0,0.5212
8,36,fifo,30.1798,0.0,67.388,0.0052
8,36,nearest,18.0298,40.258,0.0,0.0427
8,36,two_opt,18.0298,40.258,0.0,0.2011
8,36,or_opt,18.0298,40.258,0.0,0.696
8,36,christofides,18.5309,38.598,2.779,0.8143
8,36,annealing,18.0298,40.258,0.0,0.4026
8,37,fifo,31.5199,0.0,106.633,0.0029
8,37,nearest,19.7522,37.334,29.488,0.0289
8,37,two_opt,15.254,51.605,0.0,0.2559
8,37,or_opt,15.254,51.605,0.0,0.7501
8,37,christofides,19.7607,37.307,29.544,0.7737
8,37,annealing,15.254,51.605,0.0,0.5045
8,38,fifo,21.5144,0.0,96.327,0.0044
8,38,nearest,11.3861,47.077,3.902,0.0279
8,38,two_opt,10.9584,49.065,0.0,0.253
8,38,or_opt,10.9584,49.065,0.0,0.7495
8,38,christofides,11.922,44.586,8.793,0.8945
8,38,annealing,10.9584,49.065,0.0,0.5059
8,39,fifo,34.0766,0.0,84.603,0.0025
8,39,nearest,21.1341,37.981,14.49,0.0265
8,39,two_opt,18.758,44.954,1.618,0.3654
8,39,or_opt,18.4594,45.83,0.0,1.3574
8,39,christofides,19.383,43.119,5.003,0.8558
8,39,annealing,18.758,44.954,1.618,0.6207
15,0,fifo,65.3447,0.0,,0.0015
15,0,nearest,31.5509,51.716,,0.0617
15,0,two_opt,27.7144,57.587,,1.6079
15,0,or_opt,27.0884,58.545,,5.8478
15,0,christofides,30.9147,52.69,,1.9346
15,0,annealing,27.7144,57.587,,2.5609
15,1,fifo,69.9602,0.0,,0.0013
15,1,nearest,32.4139,53.668,,0.0623
15,1,two_opt,31.4449,55.053,,1.5646
15,1,or_opt,30.6871,56.136,,9.2856
15,1,christofides,34.9339,50.066,,1.8321
15,1,annealing,31.4449,55.053,,2.5315
15,2,fifo,87.5935,0.0,,0.0011
15,2,nearest,34.8967,60.161,,0.0608
15,2,two_opt,33.9503,61.241,,1.5624
15,2,or_opt,33.9503,61.241,,5.4934
15,2,christofides,36.7434,58.052,,1.7147
15,2,annealing,33.9503,61.241,,2.6736
15,3,fifo,66.1239,0.0,,0.0011
15,3,nearest,33.5846,49.21,,0.0624
15,3,two_opt,30.9124,53.251,,2.3288
15,3,or_opt,30.3566,54.091,,6.8136
15,3,christofides,33.2831,49.665,,2.4207
15,3,annealing,30.9124,53.251,,3.3068
15,4,fifo,79.8215,0.0,,0.0019
15,4,nearest,35.4733,55.559,,0.0626
15,4,two_opt,32.403,59.406,,1.5952
15,4,or_opt,32.403,59.406,,5.5261
15,4,christofides,36.9554,53.702,,2.2157
15,4,annealing,32.403,59.406,,2.5591
15,5,fifo,59.6925,0.0,,0.001
15,5,nearest,30.2195,49.375,,0.0628
15,5,two_opt,29.7233,50.206,,1.5857
15,5,or_opt,29.3291,50.866,,5.7293
15,5,christofides,33.1187,44.518,,2.1355
15,5,annealing,29.7233,50.206,,2.5492
15,6,fifo,67.152,0.0,,0.001
15,6,nearest,24.9706,62.815,,0.0618
15,6,two_opt,24.9706,62.815,,0.8275
15,6,or_opt,24.9706,62.815,,4.7207
15,6,christofides,29.5365,56.015,,1.6616
15,6,annealing,24.9706,62.815,,1.787
15,7,fifo,92.704,0.0,,0.001
15,7,nearest,33.819,63.519,,0.0628
15,7,two_opt,31.2733,66.265,,2.3533
15,7,or_opt,31.2733,66.265,,6.2326
15,7,christofides,35.3163,61.904,,1.6619
15,7,annealing,31.2733,66.265,,3.2964
15,8,fifo,72.3491,0.0,,0.001
15,8,nearest,30.4828,57.867,,0.0634
15,8,two_opt,28.1612,61.076,,2.4126
15,8,or_opt,26.8276,62.919,,6.731
15,8,christofides,32.9391,54.472,,1.819
15,8,annealing,28.1612,61.076,,3.3285
15,9,fifo,56.977,0.0,,0.001
15,9,nearest,25.3973,55.425,,0.0626
15,9,two_opt,22.4062,60.675,,1.593
15,9,or_opt,22.4062,60.675,,5.5587
15,9,christofides,22.69,60.177,,1.6062
15,9,annealing,22.4062,60.675,,2.5526
15,10,fifo,71.7178,0.0,,0.001
15,10,nearest,33.2448,53.645,,0.0629
15,10,two_opt,33.2448,53.645,,0.8426
15,10,or_opt,33.2448,53.645,,4.7936
15,10,christofides,36.1818,49.55,,1.5055
15,10,annealing,33.2448,53.645,,1.795
15,11,fifo,76.2763,0.0,,0.0011
15,11,nearest,33.1939,56.482,,0.0613
15,11,two_opt,33.1939,56.482,,0.8253
15,11,or_opt,33.1939,56.482,,4.7212
15,11,christofides,38.502,49.523,,1.9897
15,11,annealing,33.1939,56.482,,1.8163
15,12,fifo,72.9138,0.0,,0.0011
15,12,nearest,27.8592,61.792,,0.062
15,12,two_opt,27.8592,61.792,,0.8229
15,12,or_opt,27.8592,61.792,,4.6843
15,12,christofides,33.0418,54.684,,1.7756
15,12,annealing,27.8592,61.792,,1.7823
15,13,fifo,73.4871,0.0,,0.001
15,13,nearest,36.5586,50.252,,0.0629
15,13,two_opt,29.8078,59.438,,3.8557
15,13,or_opt,29.8078,59.438,,7.6372
15,13,christofides,32.0787,56.348,,2.0884
15,13,annealing,29.8078,59.438,,4.8186
15,14,fifo,67.2177,0.0,,0.0012
15,14,nearest,35.125,47.744,,0.0629
15,14,two_opt,30.6401,54.417,,1.5666
15,14,or_opt,30.6401,54.417,,5.343
15,14,christofides,36.6108,45.534,,1.5802
15,14,annealing,30.6401,54.417,,2.5517
15,15,fifo,59.9847,0.0,,0.001
15,15,nearest,31.1825,48.016,,0.0623
15,15,two_opt,30.0921,49.834,,2.3325
15,15,or_opt,30.0921,49.834,,6.2572
15,15,christofides,32.5444,45.746,,1.7394
15,15,annealing,30.0921,49.834,,3.3283
15,16,fifo,76.0308,0.0,,0.0011
15,16,nearest,29.622,61.039,,0.062
15,16,two_opt,28.2523,62.841,,1.5927
15,16,or_opt,28.2523,62.841,,5.5204
15,16,christofides,28.0572,63.098,,1.5953
15,16,annealing,28.2523,62.841,,2.5628
15,17,fifo,55.9072,0.0,,0.0013
15,17,nearest,27.9416,50.021,,0.0621
15,17,two_opt,24.5509,56.086,,1.5681
15,17,or_opt,24.5509,56.086,,5.4413
15,17,christofides,28.9569,48.205,,2.2463
15,17,annealing,24.5509,56.086,,2.6098
15,18,fifo,71.4964,0.0,,0.001
15,18,nearest,41.1146,42.494,,0.0616
15,18,two_opt,32.5243,54.509,,3.0543
15,18,or_opt,32.5243,54.509,,6.9787
15,18,christofides,36.3258,49.192,,1.7447
15,18,annealing,32.5243,54.509,,4.0298
15,19,fifo,68.5317,0.0,,0.0011
15,19,nearest,25.6567,62.562,,0.0622
15,19,two_opt,25.6567,62.562,,0.8133
15,19,or_opt,23.7409,65.358,,6.1901
15,19,christofides,26.3274,61.584,,1.5202
15,19,annealing,25.6567,62.562,,1.7854
15,20,fifo,60.3888,0.0,,0.0011
15,20,nearest,26.8753,55.496,,0.0621
15,20,two_opt,26.8753,55.496,,0.8257
15,20,or_opt,26.8753,55.496,,4.614
15,20,christofides,33.8166,44.002,,1.6357
15,20,annealing,26.8753,55.496,,1.7823
15,21,fifo,68.8716,0.0,,0.001
15,21,nearest,29.9262,56.548,,0.0609
15,21,two_opt,28.1575,59.116,,2.3068
15,21,or_opt,27.3906,60.23,,7.6765
15,21,christofides,28.9023,58.035,,1.6499
15,21,annealing,28.1575,59.116,,3.2863
15,22,fifo,70.4354,0.0,,0.001
15,22,nearest,29.7835,57.715,,0.0615
15,22,two_opt,28.3066,59.812,,3.0838
15,22,or_opt,28.3066,59.812,,6.9799
15,22,christofides,32.8612,53.346,,1.6292
15,22,annealing,28.3066,59.812,,4.1387
15,23,fifo,64.8415,0.0,,0.001
15,23,nearest,23.8831,63.167,,0.0618
15,23,two_opt,19.3634,70.137,,1.5931
15,23,or_opt,19.3634,70.137,,5.4832
15,23,christofides,24.0621,62.891,,1.7262
15,23,annealing,19.3634,70.137,,2.5287
15,24,fifo,85.1167,0.0,,0.001
15,24,nearest,32.9695,61.266,,0.0618
15,24,two_opt,32.2114,62.156,,1.5706
15,24,or_opt,31.9731,62.436,,6.4949
15,24,christofides,33.8025,60.287,,1.5006
15,24,annealing,32.2114,62.156,,2.5617
15,25,fifo,73.8084,0.0,,0.0012
15,25,nearest,33.4015,54.746,,0.062
15,25,two_opt,28.5098,61.373,,2.3265
15,25,or_opt,28.5098,61.373,,6.2162
15,25,christofides,30.0677,59.262,,1.5665
15,25,annealing,28.5098,61.373,,3.2941
15,26,fifo,69.3363,0.0,,0.001
15,26,nearest,35.1808,49.261,,0.0611
15,26,two_opt,32.6548,52.904,,2.3293
15,26,or_opt,28.9752,58.211,,10.142
15,26,christofides,33.7353,51.345,,2.0439
15,26,annealing,32.6548,52.904,,3.2897
15,27,fifo,78.1867,0.0,,0.0009
15,27,nearest,29.9994,61.631,,0.0623
15,27,two_opt,29.2753,62.557,,1.5717
15,27,or_opt,29.2753,62.557,,5.4651
15,27,christofides,31.7692,59.368,,1.6733
15,27,annealing,29.2753,62.557,,2.5258
15,28,fifo,74.1682,0.0,,0.001
15,28,nearest,36.1372,51.277,,0.0617
15,28,two_opt,33.657,54.621,,2.3325
15,28,or_opt,32.726,55.876,,11.4018
15,28,christofides,33.9041,54.288,,1.8473
15,28,annealing,33.657,54.621,,3.2962
15,29,fifo,58.9275,0.0,,0.0012
15,29,nearest,29.7413,49.529,,0.0622
15,29,two_opt,29.1128,50.596,,1.5852
15,29,or_opt,29.1128,50.596,,5.4438
15,29,christofides,33.6252,42.938,,1.8181
15,29,annealing,29.1128,50.596,,2.5379
15,30,fifo,70.7324,0.0,,0.0012
15,30,nearest,28.7052,59.417,,0.0629
15,30,two_opt,28.3388,59.935,,1.5728
15,30,or_opt,28.3388,59.935,,5.4538
15,30,christofides,28.3388,59.935,,5.2603
15,30,annealing,28.3388,59.935,,2.7025
15,31,fifo,67.6837,0.0,,0.001
15,31,nearest,35.1347,48.09,,0.0618
15,31,two_opt,30.8098,54.48,,2.4568
15,31,or_opt,30.6189,54.762,,6.9945
15,31,christofides,30.5341,54.887,,1.9752
15,31,annealing,30.8098,54.48,,3.2814
15,32,fifo,58.9647,0.0,,0.001
15,32,nearest,28.695,51.335,,0.0617
15,32,two_opt,28.4871,51.688,,1.5756
15,32,or_opt,28.4871,51.688,,5.4572
15,32,christofides,35.4095,39.948,,1.6564
15,32,annealing,28.4871,51.688,,2.5304
15,33,fifo,58.3232,0.0,,0.001
15,33,nearest,33.3642,42.794,,0.0617
15,33,two_opt,30.9278,46.972,,2.357
15,33,or_opt,30.8856,47.044,,6.5545
15,33,christofides,36.4829,37.447,,1.7641
15,33,annealing,30.9278,46.972,,3.2819
15,34,fifo,62.3251,0.0,,0.0011
15,34,nearest,29.2283,53.104,,0.0614
15,34,two_opt,25.8051,58.596,,3.0721
15,34,or_opt,25.8051,58.596,,6.9452
15,34,christofides,30.2168,51.517,,1.6589
15,34,annealing,25.8051,58.596,,4.0554
15,35,fifo,62.5297,0.0,,0.001
15,35,nearest,30.4755,51.262,,0.0616
15,35,two_opt,28.8042,53.935,,1.5687
15,35,or_opt,28.1411,54.996,,6.567
15,35,christofides,33.2013,46.903,,1.6069
15,35,annealing,28.8042,53.935,,2.5341
15,36,fifo,70.7549,0.0,,0.001
15,36,nearest,32.6385,53.871,,0.0622
15,36,two_opt,32.0458,54.709,,1.6999
15,36,or_opt,31.6088,55.326,,7.6379
15,36,christofides,33.9006,52.087,,1.5993
15,36,annealing,32.0458,54.709,,2.5576
15,37,fifo,70.4039,0.0,,0.0011
15,37,nearest,29.7692,57.717,,0.0613
15,37,two_opt,25.1055,64.341,,2.5109
15,37,or_opt,25.1055,64.341,,6.3236
15,37,christofides,28.9098,58.937,,1.5687
15,37,annealing,25.1055,64.341,,3.272
15,38,fifo,67.3114,0.0,,0.001
15,38,nearest,27.0868,59.759,,0.0621
15,38,two_opt,27.0868,59.759,,0.8333
15,38,or_opt,27.0868,59.759,,4.7839
15,38,christofides,32.7474,51.349,,1.618
15,38,annealing,27.0868,59.759,,1.7893
15,39,fifo,79.4512,0.0,,0.0009
15,39,nearest,31.6468,60.168,,0.0614
15,39,two_opt,27.5284,65.352,,3.1091
15,39,or_opt,27.5284,65.352,,7.7606
15,39,christofides,36.5227,54.031,,1.6356
15,39,annealing,27.5284,65.352,,4.0579
25,0,fifo,124.2597,0.0,,0.0011
25,0,nearest,37.0643,70.172,,0.1585
25,0,two_opt,36.0426,70.994,,7.1045
25,0,or_opt,34.5939,72.16,,39.7338
25,0,christofides,41.7885,66.37,,5.4607
25,0,annealing,36.0426,70.994,,11.7234
25,1,fifo,120.1774,0.0,,0.0016
25,1,nearest,37.539,68.764,,0.1591
25,1,two_opt,35.4135,70.532,,10.6363
25,1,or_opt,34.7741,71.064,,48.8375
25,1,christofides,37.9875,68.391,,5.5548
25,1,annealing,35.4135,70.532,,15.0232
25,2,fifo,119.8353,0.0,,0.003
25,2,nearest,45.9531,61.653,,0.1632
25,2,two_opt,41.8144,65.107,,10.7478
25,2,or_opt,40.6202,66.103,,40.9467
25,2,christofides,43.0534,64.073,,6.3554
25,2,annealing,41.8144,65.107,,14.3492
25,3,fifo,114.52,0.0,,0.0014
25,3,nearest,40.7448,64.421,,0.1632
25,3,two_opt,37.93,66.879,,7.337
25,3,or_opt,37.699,67.081,,32.8055
25,3,christofides,43.4119,62.092,,4.9054
25,3,annealing,37.93,66.879,,10.7009
25,4,fifo,111.172,0.0,,0.0019
25,4,nearest,44.6113,59.872,,0.1631
25,4,two_opt,36.2419,67.4,,21.2003
25,4,or_opt,35.3056,68.242,,50.7768
25,4,christofides,40.3105,63.74,,6.5664
25,4,annealing,36.2419,67.4,,24.8239
25,5,fifo,107.1869,0.0,,0.0015
25,5,nearest,47.1324,56.028,,0.1628
25,5,two_opt,39.873,62.8,,14.1749
25,5,or_opt,39.8185,62.851,,34.5066
25,5,christofides,45.6155,57.443,,5.4476
25,5,annealing,39.873,62.8,,17.8258
25,6,fifo,122.8498,0.0,,0.0021
25,6,nearest,41.97,65.836,,0.1641
25,6,two_opt,41.97,65.836,,3.7343
25,6,or_opt,41.97,65.836,,23.353
25,6,christofides,47.9629,60.958,,5.6695
25,6,annealing,41.97,65.836,,7.0325
25,7,fifo,117.7422,0.0,,0.0017
25,7,nearest,45.0379,61.749,,0.1677
25,7,two_opt,41.4362,64.808,,10.6948
25,7,or_opt,39.7267,66.26,,68.3778
25,7,christofides,40.0193,66.011,,5.9965
25,7,annealing,41.4362,64.808,,14.2625
25,8,fifo,130.0004,0.0,,0.0015
25,8,nearest,40.445,68.889,,0.1622
25,8,two_opt,39.3421,69.737,,7.2454
25,8,or_opt,38.9329,70.052,,48.2983
25,8,christofides,41.4228,68.136,,5.3651
25,8,annealing,39.3421,69.737,,10.5881
25,9,fifo,113.6269,0.0,,0.0014
25,9,nearest,40.2397,64.586,,0.1609
25,9,two_opt,37.4605,67.032,,10.749
25,9,or_opt,36.9269,67.502,,37.7571
25,9,christofides,40.9359,63.973,,5.3452
25,9,annealing,37.4605,67.032,,14.2818
25,10,fifo,116.4545,0.0,,0.0015
25,10,nearest,42.8434,63.21,,0.163
25,10,two_opt,39.8941,65.743,,7.2722
25,10,or_opt,39.5548,66.034,,30.2759
25,10,christofides,46.2582,60.278,,5.0249
25,10,annealing,39.8941,65.743,,10.6387
25,11,fifo,97.0906,0.0,,0.0013
25,11,nearest,41.9682,56.774,,0.1607
25,11,two_opt,38.2171,60.638,,10.7168
25,11,or_opt,37.0822,61.807,,52.6995
25,11,christofides,40.126,58.672,,6.5261
25,11,annealing,38.2171,60.638,,14.3137
25,12,fifo,117.2522,0.0,,0.0019
25,12,nearest,40.3958,65.548,,0.1618
25,12,two_opt,39.9063,65.965,,7.2541
25,12,or_opt,39.9063,65.965,,26.3031
25,12,christofides,41.0346,65.003,,5.8876
25,12,annealing,39.9063,65.965,,10.7044
25,13,fifo,101.3518,0.0,,0.0014
25,13,nearest,44.4145,56.178,,0.1623
25,13,two_opt,43.3263,57.252,,10.9554
25,13,or_opt,42.9555,57.617,,32.4414
25,13,christofides,40.5332,60.007,,5.4375
25,13,annealing,43.3263,57.252,,14.0772
25,14,fifo,117.2397,0.0,,0.0017
25,14,nearest,37.8709,67.698,,0.1606
25,14,two_opt,35.7879,69.475,,10.697
25,14,or_opt,34.9918,70.154,,50.3941
25,14,christofides,40.9724,65.052,,6.5428
25,14,annealing,35.7879,69.475,,14.2628
25,15,fifo,136.0871,0.0,,0.0019
25,15,nearest,45.267,66.737,,0.1614
25,15,two_opt,41.7087,69.351,,7.1811
25,15,or_opt,41.7087,69.351,,26.0769
25,15,christofides,48.1231,64.638,,4.9057
25,15,annealing,41.7087,69.351,,10.5499
25,16,fifo,124.281,0.0,,0.0015
25,16,nearest,35.0014,71.837,,0.1618
25,16,two_opt,33.5002,73.045,,7.2407
25,16,or_opt,33.4566,73.08,,29.1074
25,16,christofides,38.0017,69.423,,15.4728
25,16,annealing,33.5002,73.045,,10.6898
25,17,fifo,116.9831,0.0,,0.0023
25,17,nearest,36.3119,68.96,,0.1613
25,17,two_opt,34.4479,70.553,,7.3174
25,17,or_opt,34.4479,70.553,,26.4075
25,17,christofides,40.4177,65.45,,5.1294
25,17,annealing,34.4479,70.553,,10.6761
25,18,fifo,135.1979,0.0,,0.0019
25,18,nearest,41.9883,68.943,,0.1627
25,18,two_opt,40.5255,70.025,,7.2675
25,18,or_opt,40.5255,70.025,,26.807
25,18,christofides,46.5754,65.55,,4.8262
25,18,annealing,40.5255,70.025,,10.5474
25,19,fifo,137.6348,0.0,,0.0015
25,19,nearest,43.0891,68.693,,0.1584
25,19,two_opt,40.745,70.396,,7.2565
25,19,or_opt,40.745,70.396,,26.308
25,19,christofides,46.0514,66.541,,5.8764
25,19,annealing,40.745,70.396,,11.7087
25,20,fifo,120.7956,0.0,,0.0019
25,20,nearest,41.089,65.985,,0.1595
25,20,two_opt,40.2368,66.69,,7.0836
25,20,or_opt,40.2368,66.69,,26.1247
25,20,christofides,43.3133,64.143,,4.6796
25,20,annealing,40.2368,66.69,,10.4548
25,21,fifo,140.7461,0.0,,0.0015
25,21,nearest,42.1702,70.038,,0.1617
25,21,two_opt,39.6358,71.839,,10.7184
25,21,or_opt,39.6358,71.839,,30.0682
25,21,christofides,40.1059,71.505,,4.9208
25,21,annealing,39.6358,71.839,,13.9199
25,22,fifo,125.4036,0.0,,0.0016
25,22,nearest,40.8031,67.463,,0.1594
25,22,two_opt,34.8207,72.233,,10.5218
25,22,or_opt,34.8207,72.233,,29.3799
25,22,christofides,35.9878,71.302,,4.8119
25,22,annealing,34.8207,72.233,,14.0196
25,23,fifo,135.3473,0.0,,0.0018
25,23,nearest,47.5062,64.901,,0.159
25,23,two_opt,41.665,69.216,,10.6275
25,23,or_opt,41.0406,69.678,,42.304
25,23,christofides,47.2263,65.107,,5.9034
25,23,annealing,41.665,69.216,,14.0997
25,24,fifo,104.8453,0.0,,0.0026
25,24,nearest,34.3748,67.214,,0.1626
25,24,two_opt,34.3748,67.214,,3.6721
25,24,or_opt,34.3748,67.214,,22.6974
25,24,christofides,36.0141,65.65,,4.9942
25,24,annealing,34.3748,67.214,,7.1264
25,25,fifo,118.1064,0.0,,0.0021
25,25,nearest,37.7929,68.001,,0.1599
25,25,two_opt,36.1015,69.433,,10.87
25,25,or_opt,35.6554,69.811,,30.321
25,25,christofides,39.6324,66.443,,6.1648
25,25,annealing,36.1015,69.433,,14.1425
25,26,fifo,130.1136,0.0,,0.0016
25,26,nearest,41.4084,68.175,,0.1604
25,26,two_opt,37.9463,70.836,,7.2464
25,26,or_opt,37.4858,71.19,,26.9013
25,26,christofides,41.9686,67.745,,5.3248
25,26,annealing,37.9463,70.836,,10.5542
25,27,fifo,127.7621,0.0,,0.0013
25,27,nearest,44.1806,65.42,,0.1606
25,27,two_opt,38.4113,69.935,,10.5919
25,27,or_opt,38.4113,69.935,,29.6032
25,27,christofides,45.5541,64.345,,5.6156
25,27,annealing,38.4113,69.935,,14.2881
25,28,fifo,113.3021,0.0,,0.0017
25,28,nearest,36.9325,67.404,,0.1617
25,28,two_opt,34.617,69.447,,7.2702
25,28,or_opt,34.617,69.447,,26.8101
25,28,christofides,39.9296,64.758,,4.9006
25,28,annealing,34.617,69.447,,10.8016
25,29,fifo,114.8802,0.0,,0.0014
25,29,nearest,41.9408,63.492,,0.1607
25,29,two_opt,36.8955,67.884,,14.1289
25,29,or_opt,36.8955,67.884,,33.5204
25,29,christofides,42.6604,62.865,,5.1975
25,29,annealing,36.8955,67.884,,17.6369
25,30,fifo,118.2801,0.0,,0.0018
25,30,nearest,42.3958,64.156,,0.1608
25,30,two_opt,33.8808,71.355,,22.1095
25,30,or_opt,33.8808,71.355,,40.6208
25,30,christofides,39.74,66.402,,5.0572
25,30,annealing,33.8808,71.355,,24.6594
25,31,fifo,121.1923,0.0,,0.0016
25,31,nearest,38.3918,68.322,,0.1595
25,31,two_opt,35.1804,70.971,,14.1309
25,31,or_opt,35.1804,70.971,,33.0442
25,31,christofides,38.5004,68.232,,5.2383
25,31,annealing,35.1804,70.971,,17.945
25,32,fifo,108.9162,0.0,,0.0018
25,32,nearest,37.1729,65.87,,0.1621
25,32,two_opt,33.7127,69.047,,10.7427
25,32,or_opt,33.7127,69.047,,29.9704
25,32,christofides,36.8616,66.156,,5.9933
25,32,annealing,33.7127,69.047,,14.1785
25,33,fifo,122.5029,0.0,,0.0015
25,33,nearest,37.5665,69.334,,0.1606
25,33,two_opt,36.427,70.264,,7.2597
25,33,or_opt,34.3181,71.986,,47.0597
25,33,christofides,40.9745,66.552,,5.7062
25,33,annealing,36.427,70.264,,10.8759
25,34,fifo,137.7713,0.0,,0.0019
25,34,nearest,42.9581,68.819,,0.1616
25,34,two_opt,37.9577,72.449,,11.3109
25,34,or_opt,37.9577,72.449,,30.9968
25,34,christofides,44.8525,67.444,,4.994
25,34,annealing,37.9577,72.449,,14.3523
25,35,fifo,103.573,0.0,,0.0015
25,35,nearest,42.2343,59.223,,0.1633
25,35,two_opt,37.6838,63.616,,10.8284
25,35,or_opt,35.7158,65.516,,53.4984
25,35,christofides,39.9712,61.408,,4.9792
25,35,annealing,37.6838,63.616,,14.1684
25,36,fifo,110.752,0.0,,0.002
25,36,nearest,48.9789,55.776,,0.1616
25,36,two_opt,37.5361,66.108,,14.293
25,36,or_opt,37.5361,66.108,,33.4327
25,36,christofides,43.1378,61.05,,5.5713
25,36,annealing,37.5361,66.108,,17.9029
25,37,fifo,113.4866,0.0,,0.0021
25,37,nearest,47.6078,58.05,,0.1596
25,37,two_opt,39.237,65.426,,17.613
25,37,or_opt,39.2326,65.43,,39.5747
25,37,christofides,41.1092,63.776,,4.9736
25,37,annealing,39.237,65.426,,21.6044
25,38,fifo,114.521,0.0,,0.0026
25,38,nearest,45.5058,60.264,,0.1636
25,38,two_opt,39.1331,65.829,,11.0053
25,38,or_opt,36.5894,68.05,,54.4296
25,38,christofides,43.3958,62.107,,5.3732
25,38,annealing,39.1331,65.829,,14.2515
25,39,fifo,125.6413,0.0,,0.0021
25,39,nearest,42.3806,66.269,,0.1626
25,39,two_opt,38.4189,69.422,,7.3259
25,39,or_opt,38.4189,69.422,,26.6427
25,39,christofides,43.1455,65.66,,5.757
25,39,annealing,38.4189,69.422,,10.7628
40,0,fifo,167.461,0.0,,0.0017
40,0,nearest,50.033,70.123,,0.4025
40,0,two_opt,48.6948,70.922,,43.9533
40,0,or_opt,48.1586,71.242,,141.9141
40,0,christofides,55.5586,66.823,,18.8561
40,0,annealing,48.6948,70.922,,55.5924
40,1,fifo,187.232,0.0,,0.0037
40,1,nearest,53.4075,71.475,,0.454
40,1,two_opt,48.3184,74.193,,43.4891
40,1,or_opt,46.3338,75.253,,198.3476
40,1,christofides,51.9196,72.27,,20.5708
40,1,annealing,48.3184,74.193,,57.6105
40,2,fifo,172.815,0.0,,0.0029
40,2,nearest,51.3719,70.273,,0.391
40,2,two_opt,42.8405,75.21,,56.6343
40,2,or_opt,42.8405,75.21,,136.6826
40,2,christofides,48.043,72.2,,15.9399
40,2,annealing,42.8405,75.21,,69.3745
40,3,fifo,210.1703,0.0,,0.0029
40,3,nearest,54.0161,74.299,,0.3927
40,3,two_opt,49.9633,76.227,,45.3457
40,3,or_opt,49.3144,76.536,,230.0686
40,3,christofides,49.0884,76.644,,18.1136
40,3,annealing,49.9633,76.227,,60.5805
40,4,fifo,161.8801,0.0,,0.0024
40,4,nearest,53.1543,67.164,,0.4043
40,4,two_opt,45.2821,72.027,,63.245
40,4,or_opt,44.0908,72.763,,252.7496
40,4,christofides,50.6098,68.736,,16.6825
40,4,annealing,45.2821,72.027,,70.0345
40,5,fifo,203.8969,0.0,,0.0023
40,5,nearest,50.2731,75.344,,0.3907
40,5,two_opt,49.3534,75.795,,28.9032
40,5,or_opt,48.0847,76.417,,181.2751
40,5,christofides,50.7423,75.114,,16.5762
40,5,annealing,49.3534,75.795,,41.1517
40,6,fifo,183.7059,0.0,,0.0042
40,6,nearest,45.2928,75.345,,0.3977
40,6,two_opt,44.3544,75.856,,43.1444
40,6,or_opt,44.1434,75.971,,160.4084
40,6,christofides,48.9847,73.335,,15.5032
40,6,annealing,44.3544,75.856,,56.0416
40,7,fifo,199.4349,0.0,,0.0022
40,7,nearest,58.9384,70.447,,0.3961
40,7,two_opt,46.245,76.812,,59.1213
40,7,or_opt,45.9342,76.968,,216.457
40,7,christofides,49.8326,75.013,,15.1175
40,7,annealing,46.245,76.812,,70.1747
40,8,fifo,171.2108,0.0,,0.0026
40,8,nearest,60.4029,64.72,,0.3955
40,8,two_opt,51.7271,69.787,,71.6742
40,8,or_opt,51.0748,70.168,,209.9547
40,8,christofides,54.472,68.184,,17.9327
40,8,annealing,51.7271,69.787,,84.9961
40,9,fifo,197.2573,0.0,,0.0028
40,9,nearest,56.3972,71.409,,0.4063
40,9,two_opt,50.9146,74.189,,43.2064
40,9,or_opt,50.8795,74.207,,138.4515
40,9,christofides,58.4471,70.37,,19.6625
40,9,annealing,50.9146,74.189,,55.9781
40,10,fifo,184.7267,0.0,,0.0024
40,10,nearest,57.0024,69.142,,0.3923
40,10,two_opt,51.762,71.979,,57.3336
40,10,or_opt,49.4393,73.236,,215.6406
40,10,christofides,55.296,70.066,,17.5291
40,10,annealing,51.762,71.979,,69.4458
40,11,fifo,230.6934,0.0,,0.0027
40,11,nearest,50.5715,78.078,,0.391
40,11,two_opt,47.4084,79.45,,42.8927
40,11,or_opt,47.4084,79.45,,123.6429
40,11,christofides,53.7052,76.72,,16.0544
40,11,annealing,47.4084,79.45,,55.9309
40,12,fifo,186.4779,0.0,,0.0028
40,12,nearest,48.2067,74.149,,0.3925
40,12,two_opt,45.5161,75.592,,28.924
40,12,or_opt,43.5189,76.663,,221.0978
40,12,christofides,50.1844,73.088,,17.5799
40,12,annealing,45.5161,75.592,,41.1908
40,13,fifo,170.7239,0.0,,0.003
40,13,nearest,50.2163,70.586,,0.3969
40,13,two_opt,45.8658,73.134,,44.2257
40,13,or_opt,45.8658,73.134,,126.7321
40,13,christofides,53.7998,68.487,,15.8886
40,13,annealing,45.8658,73.134,,64.1194
40,14,fifo,188.6742,0.0,,0.0021
40,14,nearest,55.4929,70.588,,0.3941
40,14,two_opt,48.4668,74.312,,56.9167
40,14,or_opt,48.035,74.541,,238.8893
40,14,christofides,55.1099,70.791,,18.4322
40,14,annealing,48.4668,74.312,,69.7967
40,15,fifo,184.4727,0.0,,0.0026
40,15,nearest,55.3868,69.976,,0.3922
40,15,two_opt,44.6866,75.776,,71.4181
40,15,or_opt,44.4717,75.893,,172.0473
40,15,christofides,49.8644,72.969,,15.7416
40,15,annealing,44.6866,75.776,,83.9336
40,16,fifo,179.1888,0.0,,0.0028
40,16,nearest,48.1644,73.121,,0.3956
40,16,two_opt,46.0607,74.295,,28.7459
40,16,or_opt,46.0607,74.295,,109.0962
40,16,christofides,52.1089,70.92,,17.8323
40,16,annealing,46.0607,74.295,,40.7528
40,17,fifo,195.0932,0.0,,0.0026
40,17,nearest,50.4828,74.124,,0.3943
40,17,two_opt,47.7835,75.507,,57.4036
40,17,or_opt,46.3563,76.239,,208.7448
40,17,christofides,52.8236,72.924,,16.6466
40,17,annealing,47.7835,75.507,,69.2494
40,18,fifo,219.8726,0.0,,0.0025
40,18,nearest,55.8796,74.585,,0.3943
40,18,two_opt,47.3597,78.46,,43.3759
40,18,or_opt,47.2916,78.491,,129.9585
40,18,christofides,52.5385,76.105,,16.2259
40,18,annealing,47.3597,78.46,,55.3306
40,19,fifo,190.1069,0.0,,0.0025
40,19,nearest,60.747,68.046,,0.3996
40,19,two_opt,54.7463,71.202,,57.1801
40,19,or_opt,54.7289,71.212,,158.4277
40,19,christofides,54.1305,71.526,,18.729
40,19,annealing,54.7463,71.202,,70.1068
40,20,fifo,225.5669,0.0,,0.0028
40,20,nearest,44.0436,80.474,,0.3958
40,20,two_opt,43.0362,80.921,,29.041
40,20,or_opt,41.8986,81.425,,177.8123
40,20,christofides,50.8581,77.453,,16.2275
40,20,annealing,43.0362,80.921,,41.2231
40,21,fifo,228.9691,0.0,,0.0024
40,21,nearest,54.7646,76.082,,0.3982
40,21,two_opt,46.2989,79.779,,57.6395
40,21,or_opt,44.671,80.49,,154.5472
40,21,christofides,50.4245,77.978,,17.4468
40,21,annealing,46.2989,79.779,,72.7902
40,22,fifo,206.5985,0.0,,0.003
40,22,nearest,52.72,74.482,,0.4057
40,22,two_opt,44.5315,78.445,,30.0945
40,22,or_opt,44.5315,78.445,,109.9125
40,22,christofides,49.5162,76.033,,15.8748
40,22,annealing,44.5315,78.445,,41.0463
40,23,fifo,208.7821,0.0,,0.003
40,23,nearest,53.2462,74.497,,0.3932
40,23,two_opt,49.2503,76.411,,71.8265
40,23,or_opt,48.3632,76.836,,243.4556
40,23,christofides,54.4793,73.906,,17.7459
40,23,annealing,49.2503,76.411,,85.4485
40,24,fifo,186.0836,0.0,,0.0033
40,24,nearest,46.9547,74.767,,0.3946
40,24,two_opt,44.8882,75.877,,43.0765
40,24,or_opt,44.8882,75.877,,124.0881
40,24,christofides,51.6686,72.234,,17.6025
40,24,annealing,44.8882,75.877,,55.3837
40,25,fifo,197.6908,0.0,,0.0028
40,25,nearest,51.6753,73.861,,0.3987
40,25,two_opt,47.2595,76.094,,43.1078
40,25,or_opt,46.901,76.276,,139.7848
40,25,christofides,51.5648,73.916,,25.4572
40,25,annealing,47.2595,76.094,,55.9537
40,26,fifo,226.7756,0.0,,0.0026
40,26,nearest,64.7267,71.458,,0.4016
40,26,two_opt,53.0826,76.592,,57.8779
40,26,or_opt,52.3454,76.918,,197.5967
40,26,christofides,59.0302,73.97,,18.1005
40,26,annealing,53.0826,76.592,,70.4036
40,27,fifo,196.8548,0.0,,0.0024
40,27,nearest,46.8553,76.198,,0.3993
40,27,two_opt,42.1674,78.579,,43.5662
40,27,or_opt,42.1674,78.579,,125.1323
40,27,christofides,50.6767,74.257,,16.2051
40,27,annealing,42.1674,78.579,,55.6358
40,28,fifo,208.1071,0.0,,0.0035
40,28,nearest,54.7886,73.673,,0.401
40,28,two_opt,47.6712,77.093,,58.439
40,28,or_opt,47.4385,77.205,,155.4742
40,28,christofides,54.2884,73.913,,17.174
40,28,annealing,47.6712,77.093,,72.6144
40,29,fifo,189.8379,0.0,,0.0024
40,29,nearest,50.4718,73.413,,0.4021
40,29,two_opt,47.3462,75.06,,74.7496
40,29,or_opt,47.3462,75.06,,158.8129
40,29,christofides,52.0876,72.562,,16.9714
40,29,annealing,47.3462,75.06,,87.3835
40,30,fifo,174.0162,0.0,,0.0029
40,30,nearest,55.1548,68.305,,0.401
40,30,two_opt,49.6744,71.454,,44.8715
40,30,or_opt,49.224,71.713,,175.6189
40,30,christofides,53.6657,69.161,,17.1544
40,30,annealing,49.6744,71.454,,56.3834
40,31,fifo,201.8662,0.0,,0.0034
40,31,nearest,56.5927,71.965,,0.3919
40,31,two_opt,46.0142,77.206,,43.2806
40,31,or_opt,44.9358,77.74,,146.7685
40,31,christofides,48.9958,75.729,,17.0668
40,31,annealing,46.0142,77.206,,55.0836
40,32,fifo,186.2627,0.0,,0.0035
40,32,nearest,53.9421,71.04,,0.3955
40,32,two_opt,45.7023,75.464,,57.3103
40,32,or_opt,45.228,75.718,,188.9466
40,32,christofides,49.8848,73.218,,17.0029
40,32,annealing,45.7023,75.464,,70.3501
40,33,fifo,181.2778,0.0,,0.0042
40,33,nearest,57.5869,68.233,,0.4081
40,33,two_opt,46.4406,74.382,,43.6758
40,33,or_opt,46.4406,74.382,,124.0718
40,33,christofides,51.9225,71.357,,16.3785
40,33,annealing,46.4406,74.382,,55.3908
40,34,fifo,227.786,0.0,,0.0045
40,34,nearest,55.6488,75.57,,0.4082
40,34,two_opt,49.2349,78.385,,58.1109
40,34,or_opt,48.8684,78.546,,216.2032
40,34,christofides,51.7322,77.289,,17.9264
40,34,annealing,49.2349,78.385,,76.0896
40,35,fifo,179.5934,0.0,,0.0048
40,35,nearest,50.0882,72.11,,0.3962
40,35,two_opt,42.525,76.322,,57.584
40,35,or_opt,41.9558,76.638,,242.2149
40,35,christofides,47.5752,73.51,,16.7998
40,35,annealing,42.525,76.322,,70.6046
40,36,fifo,184.2356,0.0,,0.0031
40,36,nearest,55.669,69.784,,0.3975
40,36,two_opt,48.1917,73.842,,43.3278
40,36,or_opt,46.9217,74.532,,286.8024
40,36,christofides,56.3147,69.433,,17.2282
40,36,annealing,48.1917,73.842,,56.2734
40,37,fifo,217.0331,0.0,,0.0048
40,37,nearest,51.1483,76.433,,0.3996
40,37,two_opt,48.3802,77.708,,43.6409
40,37,or_opt,48.1166,77.83,,144.7045
40,37,christofides,53.2548,75.462,,15.8538
40,37,annealing,48.3802,77.708,,55.6911
40,38,fifo,206.418,0.0,,0.0029
40,38,nearest,49.6016,75.97,,0.3964
40,38,two_opt,46.3736,77.534,,43.574
40,38,or_opt,46.3736,77.534,,124.5516
40,38,christofides,49.903,75.824,,16.746
40,38,annealing,46.3736,77.534,,55.5226
40,39,fifo,198.9315,0.0,,0.0034
40,39,nearest,51.8744,73.923,,0.3963
40,39,two_opt,46.188,76.782,,72.1724
40,39,or_opt,46.188,76.782,,153.6585
40,39,christofides,55.7191,71.991,,17.1032
40,39,annealing,46.188,76.782,,83.8866
